dataset_name,eeg_class,tasks,Detailled task,Task Structure,Stimulation,Task,Timing,Population Age,Population Health,Study Type,Output,n_subjects,Description,Url,n_sessions_per_subject,n_recordings,n_classes,class_labels,manufacturer,device_model,electrode_type,cited_paper_year,citation_count
AlexMI,MI,(right hand; feet; or rest).,,SingleTask,Visual,Motor Imagery,Active;Asynchronous,AgeUnknow,Healthy,BCI,,8,,,1,8,3,feet | rest | right_hand,g.tec,g.USBamp,wet,,30
BI2014a,P300,target vs standard,,SingleTask,Visual,PerceptionVisual;Attention;,Reactive;Synchronous,Adult,Healthy,BCI,,64,Brain Invaders 36 symbols,,1,64,2,NonTarget | Target,g.tec,g.USBamp,dry,,20
BI2014b,P300,target vs standard,speller en duo,SingleTask,Visual,PerceptionVisual;Attention,Reactive;Synchronous,Adult,Healthy,BCI,,38,Brain Invaders 36 symbols,,1,38,2,NonTarget | Target,g.tec,g.USBamp,wet,,15
BI2015a,P300,target vs standard,variation of ISI,SingleTask,Visual,PerceptionVisual;Attention,Reactive;Synchronous,Adult,Healthy,BCI;Social Interaction,,43,Brain Invaders 36 symbols,,1,129,2,NonTarget | Target,g.tec,g.USBamp,wet,,15
BI2015b,P300,target vs standard,Collab vs competition,SingleTask,Visual,PerceptionVisual;Attention,Reactive;Synchronous,Adult,Healthy,BCI;Social Interaction,,44,Brain Invaders 36 symbols,,1,44,2,NonTarget | Target,g.tec,g.USBamp,wet,,10
Cho2017,MI,left vs right hand ,,SingleTask,Visual,Motor Imagery,Active;Asynchronous,AgeUnknow,Healthy,BCI,,49,,,1,49,2,left_hand | right_hand,BioSemi,ActiveTwo,wet,2017,317
ICARE,Clinical,Cardiac and cerebral performance,,No,No,No task,Passive,Adult,Unhealthy;Cardiac,Clinical,,484,,https://physionet.org/content/i-care/2.1/,1,24833,1,N/A (continuous EEG),Mix,Mix,wet,,50
Inria_Large,MI,left vs right hand ,,SingleTask,Visual,Motor Imagery,Active;Asynchronous,Adult,Healthy,BCI,,87,,https://www.nature.com/articles/s41597-023-02445-z#Sec2,1,694,2,left_hand | right_hand,g.tec,g.USBamp,wet,2023,31
Kalunga2016,SSVEP,Led 13Hz; 17Hz and 21Hz+ Rest,,SingleTask,Visual,PerceptionVisual;Attention,Reactive;Synchronous,AgeUnknow,Healthy,BCI,,12,,https://pdf.sciencedirectassets.com/271597/1-s2.0-S0925231216X00148/1-s2.0-S0925231216000540/main.pdf?X-Amz-Security-Token=IQoJb3JpZ2luX2VjEEoaCXVzLWVhc3QtMSJGMEQCIBYAyLpOCR%2BVRUg6knvbEEh4IXQTtVbfjYDnAK6NapSiAiB9TB3bu5%2B8%2FxHXm5DvazuJBxnRaJEmXRAMBLILwVK21iqyBQgSEAUaDDA1OTAwMzU0Njg2NSIMpC5EcQdIX3ftHGmTKo8F1Bz13rCu21idZmjEYSI9o%2Btlke%2B9NvOkFaO5RE4o2PgqIki8e8Iz%2F8wKFvXgoD3YP02OaqHL7vHbpf40RYotYNuwAZjHgRAOyeRjLWCE0yndNeNsanWDiayvrtQAHzA51KxpnmBnKJANZy5tkNxsbCuYzExbpVX5VNAPnJNsS6GFP3rZlgYVrooIlMftPYB46botssiqK4vjLF1xoXgEOY1fZFVXt2QEhuuAD5gf0c7ZBYdykSIrF84y7SVPVRB4QBqy2jyVgsgKZo24Ru8p1YlHccWSmICfFgDJvBRDSdCqwVRoigU78IrDLS8t2mUVLlUl4fNtrcYQmJNopLtmoF0QfGHNCMx3EMa7jMFFBiW5n3aq8EVhxsuhBJ6YvkIkc0g1CoMYOrjbf0t3d0qwhthG47QQxsSuKvvZNnQVuHZwdiSNwbdzFste0434Nu1uMvzyB3xnbYWBViefsD4s9bWFjw0dzFLIXVobOK7wpGvPseepl60YuZgBwefhpyTPUEtKDy5%2B8NnrqLaV05y6KyVpqVQ5sdP88mvoDlAfEQZLA1RqPbdXSApQyIpbc1p%2B6pfaRVWdahcdKdh4kA7%2BM2XsX1J%2F6DWn1ZbNmWXH0UdoVydoLe4i%2F7IWZL1551upR6Q1rl5tgcalYw%2F3if10uHHZXvbtfSncfPH4h5v0m%2Fxrhs%2FyylBJAEtrFUvGnxX%2BvQyHDnS9muUhzKG%2BgwBOpuP2GG5TouEvO0NSltKz6lkzBTcknE9FID4Vrvym%2BZnYsOEAQ3aXQS%2Flwp06r7QU2foUKJXcCS6C7Fd790%2BaT5jOCaMrlmpe7lytd0xbdp7Sfg%2BA8ovaLqpKD7%2FxUKLgka92ma22n6eYJk55dHY8DjD0uYbQBjqyAXCxDLh0ixCVw%2BT9Ws%2Fns6xvp%2Fu%2FrjAVE7u0Sadmgo2seGUHM%2B35UVrqfxBT4VqtdgkQDONSHhPbeU9A74TUL45KlTbuJXjrCbVAdVEVadRr0d2h4VscL9iND7sJxzbQmP8mu7%2FN4NYshRqJHtghTVsjVHMdi8qN7ZGICRNIQOyT0L64q32%2FEpQgHITukMhZt2w4O%2Bxga2dIRbOO6NQcORqu%2Bp9uZPG6NDQFJMjfJvvBUOs%3D&X-Amz-Algorithm=AWS4-HMAC-SHA256&X-Amz-Date=20260511T101016Z&X-Amz-SignedHeaders=host&X-Amz-Expires=300&X-Amz-Credential=ASIAQ3PHCVTY3XWANB64%2F20260511%2Fus-east-1%2Fs3%2Faws4_request&X-Amz-Signature=1df0a2d2d59a2ccde787a4a92f4fb8c1f6cfaec645e0f93e926552a85fc19732&hash=ef1bffd793cb409699ba1e224d5c2e3bd5c3f7a060914b801832ea0c67cca5c2&host=68042c943591013ac2b2430a89b270f6af2c76d8dfd086a07176afe7c76c2c61&pii=S0925231216000540&tid=spdf-5e33a0db-b401-4b03-bc6b-0cea1ccb3bac&sid=4ca3b3a764a5094b9b185f91c9073d978183gxrqb&type=client&tsoh=d3d3LnNjaWVuY2VkaXJlY3QuY29t&rh=d3d3LnNjaWVuY2VkaXJlY3QuY29t&ua=00145b05035259505a54&rr=9fa064955ead1bec&cc=fr&kca=eyJrZXkiOiJSQjdkWnFIVHhINEFCT3FNQ2l5U0R5cWpPWEZ0TnRZSFVVSXJVUjZHdW03cjdUSE9YbGxDQnBhYmVyZU9YWS9ZOUZGSUU4NnJDcURzZVZ2K2F6RHYrS3o2L3VrYXZzOFhoYW5JZ2F1dVBYZkhRTnVOZWhpdjI5RmtQUXFscVRJaGp2SFBOcFZFR05wUkQrOG5lMXNjUDI3UXk3TGxGQjZqUjZzSko3ZDgrQUVGdkZsYSIsIml2IjoiYWU5YWUwZmJlMGE0MTQxMTZiYTI3Y2FlMDNmYTEzOGEifQ==_1778494225612,1,12,4,13 | 17 | 21 | rest,g.tec,MobiLab amp,?,,15
Lee2019_ERP,P300,target vs standard,,SingleTask,Visual,PerceptionVisual;Attention,Reactive;Synchronous,Adult,Healthy,BCI,,36,Speller,,1,108,2,NonTarget | Target,Brain Products,BrainAmp,wet,2019,542
Lee2019_MI,MI,left vs right hand ,,SingleTask,Visual,Motor Imagery,Active;Asynchronous,Adult,Healthy,BCI,,108,,,1,108,2,left_hand | right_hand,Brain Products,BrainAmp,wet,2019,542
Lee2019_SSVEP,SSVEP,5.45; 6.67; 8.57; and 12 Hz,,SingleTask,Visual,PerceptionVisual;Attention,Reactive;Synchronous,Adult,Healthy,BCI,,108,,,1,108,4,12.0 | 5.45 | 6.67 | 8.57,Brain Products,BrainAmp,wet,2019,542
Liu2024,Motor,left vs right hand ,,SingleTask,Visual,Motor Imagery,Active;Asynchronous,Adult,Unhealthy;Stroke,BCI,,50,Stroke participant,https://moabb.neurotechx.com/docs/generated/moabb.datasets.Liu2024.html,1,50,2,left_hand | right_hand,ZhenTec,NT1,sponge ,2024,59
NMT,Clinical,Normal vs abnormal,,No,No,No task,,Adult;Child,Healthy;Unhealthy,Clinical,,1623,,https://www.frontiersin.org/journals/neuroscience/articles/10.3389/fnins.2021.755817/full#s1,1,2413,2,normal | pathological,?,?,?,2022,38
ON_ds001787,Meditation,mind wandering and meditation,Subjects were meditating and were interupted about every 2 minutes to indicate their level of concentration and mind wandering,MultiTask,No,Meditation,Passive;Asynchronous,Adult,Healthy,Neuro modulation,,24,,https://openneuro.org/datasets/ds001787/versions/1.1.1/file-display/dataset_description.json,1.7,40,1,meditation,BioSemi,ActiveTwo,wet,2021,4
ON_ds002680,GoNoGo,"Go no GO,decision task","animal categorization task, participants had to respond whenever there was an animal in the picture. In the recognition task, the session started with a learning phase",MultiTask,Visual,ReactionTime;PerceptionVisual;Attention;DecisionMaking,Reactive;Synchronous,Adult,Healthy,Cognitive,Press Buttin,14,,https://openneuro.org/datasets/ds002680/versions/1.2.0,2.0,350,1,gonogo,Neuroscan ,Synamps 1 (model 5083),wet,,0
ON_ds002721,Emotion,music listening to induce emotion,"For this purpose 31 healthy adult participants listened to 40 music clips of 12 s duration each, targeting a range of emotional states. T",SingleTask,Auditory;No,Emotion;Resting State,Synchronous;Passive,Adult,Healthy,Cognitive,,31,,https://openneuro.org/datasets/ds002721/versions/1.0.3,1,185,6,run1 | run2 | run3 | run4 | run5 | run6,Brain Products,BrainAmp DC,wet,,0
ON_ds002778,Resting State ,resting state for parkinson participant ,Resting State ,SingleTask,No,Resting State,Passive,Adult;Elderly,Healthy;Unhealthy;Parkinson,Clinical,,31,,https://openneuro.org/datasets/ds002778/versions/1.0.5,1.5,46,1,rest,BioSemi,,wet,,0
ON_ds003004,Emotion,ImaginedEmotion,participants listen to 15 voice recordings that each suggest imagining a scenario in which they have experienced -- or would experience the named target emotion.,SingleTask,Auditory,Emotion,Asynchronous;Active,Adult,Healthy,Cognitive,,7,,https://openneuro.org/datasets/ds003004/versions/1.1.1,1,7,1,ImaginedEmotion,BioSemi,,wet,,0
ON_ds003690,GoNoGo,reaction time and Go no Go, young (N = 36) and a group of older (N = 39) adults were engaged in auditory cued reaction time tasks (active tasks) or passively listening to the auditory stimulus used as temporal cue,MultiTask,Auditory,PerceptionAuditory;DecisionMaking;ReactionTime,Synchronous;Reactive;Passive,Adult;Elderly,Healthy,Cognitive;Biomettry,Press Button,75,,https://openneuro.org/datasets/ds003690/versions/1.0.0,1,375,3,gonogo | passive | simpleRT, Neuroscan Compumedics.,Quik-Cap,wet,,0
ON_ds003775,Resting State ,Resting State ,four minutes of uninterrupted EEG acquired while the subjects were resting with their eyes closed,SingleTask,No,Resting State,Passive,Adult;Elderly,Healthy,Biometry,,111,,https://openneuro.org/datasets/ds003775/versions/1.2.1,1.4,153,1,resteyesc,BioSemi,,wet,,0
ON_ds003825,Image decoding ,Things,RSVP with image from THINGS,SingleTask,Visual,PerceptionVisual;Attention,Synchronous;Reactive,Adult,Healthy,Cognitive,,50,,https://openneuro.org/datasets/ds003825/versions/1.2.0,1,50,1,rsvp,Brain Products,ActiCHamp,wet,,0
ON_ds003846,ERN ,Prediction Error Negativity,"participants touched virtual objects in three conditions and received either no haptic feedback, vibration, or vibration and EMS feedback. To provoke a brain response in unrealistic VR interaction, we also presented the feedback prematurely in 25% of the trials.",SingleTask,Visual;Haptic,Motor Execution;PerceptionHaptic;PerceptionVisual ,Asynchronous;Active;Reactive,Adult,Healthy,BCI;Cognitive,Touch Virtual Object,19,,https://openneuro.org/datasets/ds003846/versions/2.0.2,2.6,50,1,PredictionError,Brain Products,BrainAmp DC,wet,,0
ON_ds003885,?,movement/alive/natural capacity ,"participants classified single images that appeared on the screen as ""alive"" or ""not alive AND (RSVP) streams of images",SingleTask,Visual,PerceptionVisual;DecisionMaking,Synchronous;Reactive;,Adult,Healthy,Cognitive,,24,,https://openneuro.org/datasets/ds003885/versions/1.0.8,1,24,1,movement,Brain Products,ActiCHamp,wet,,0
ON_ds003887,?,movement/alive/natural capacity ,"participants classified single images that appeared on the screen as ""alive"" or ""not alive AND (RSVP) streams of images , press button when see the cross change color",SingleTask,Visual,PerceptionVisual;DecisionMaking,Synchronous;Reactive;,Adult,Healthy,Cognitive,,24,,https://openneuro.org/datasets/ds003887/versions/1.2.3,1,24,1,movement,Brain Products,ActiCHamp,wet,,0
ON_ds003969,Meditation,meditation vs thinking ,2 meditation blocks interspaced by two thining blocks,MultiTask,No,Emotion;Memory,Asynchronous;Active,Adult;Elderly,Healthy,Cognitive,,98,,https://openneuro.org/datasets/ds003969/versions/1.0.0,1,392,4,med1breath | med2 | think1 | think2,BioSemi,ActiveTwo,wet,,0
ON_ds004043,?,feature-based attention,Participants viewed rapid sequences of overlaid oriented grating pairs at fixation while detecting a “target” grating of a particular orientation.,SingleTask,Visual,Attention;ReactionTime,Synchronous;Reactive,Adult,Healthy,Cognitive,,20,,https://openneuro.org/datasets/ds004043/versions/1.1.0,1,20,1,tempex,Brain Products,ActiCHamp,wet,,0
ON_ds004147,Reward ERP,casinos reward erp ,,SingleTask,Visual;Auditory,DecisionMaking;,Synchronous;Active,Adult;Elderly,Healthy,Economics;Cognitive,,12,,https://openneuro.org/datasets/ds004147/versions/1.0.2,1,12,1,casinos,Brain Products,actiCHamp Plus,wet,,0
ON_ds004148,Cognitive state,Resting State| mathematic | memory | music,"retrieval of recent episodic memories, serial subtractions, and (silent) singing of music lyrics",MultiTask,Visual;No,Resting State;Memory;Language,Asynchronous;Active;Passive,Adult,Healthy,Cognitive,,60,https://pmc.ncbi.nlm.nih.gov/articles/PMC9470564/,https://openneuro.org/datasets/ds004148/versions/1.0.1,3.0,900,5,eyesclosed | eyesopen | mathematic | memory | music,BioSemi,,wet,,0
ON_ds004152,?,learning drum pattern ,learn tempo drum ,SingleTask,Visual;Auditory,Memory;ReactionTime,Synchronous;Active,Adult,Healthy,Cognitive,,21,,https://openneuro.org/datasets/ds004152/versions/1.1.2,1,21,1,drumtrainer,Brain Products,actiCHamp Plus,wet,,0
ON_ds004262,?,gnomes,o bet on the strength of each gnome,SingleTask,Visual,DecisionMaking;ReactionTime,Synchronous;Reactive,Adult,Healthy,Cognitive,,21,https://pmc.ncbi.nlm.nih.gov/articles/PMC10851313/#psyp14399-sec-0012,https://openneuro.org/datasets/ds004262/versions/1.0.0,1,21,1,gnomes,Brain Products,actiCHamp Plus,wet,,0
ON_ds004264,?,steertheship,"ing the round, participants pressed the 'f' and 'j' keys to apply angular force in either a clockwise or counterclockwise direction. The goal of the task was to keep the ship closely oriented towards a target. Points were accumulated depending on the mean distance to target. The ship would crash if it strayed too far from the target (and the round would end). Each round lasted up to 1 minute. The underlying physics were based on the pole-and-cart problem",SingleTask,Visual,DecisionMaking;Motor Execution,Synchronous;Reactive,Adult,Healthy,Cognitive,Press key,21,https://pmc.ncbi.nlm.nih.gov/articles/PMC10851313/#psyp14399-sec-0002,https://openneuro.org/datasets/ds004264/versions/1.1.0,1,21,1,steertheship,Brain Products,actiCHamp Plus,wet,,0
ON_ds004279,Speech perceiption, silent and perceive speech on 30 Spanish sentence,The participants were instructed to listen to a spoken sentence from an audio recording and then silently repeat the sentence without any motor action.,MultiTask,Auditory,Language;PerceptionAuditory,Synchronous;Active,Adult,Healthy,Cognitive,,56,,https://openneuro.org/datasets/ds004279/versions/1.1.2,1.1,60,1,sentences,?,,?,,0
ON_ds004284,?,kickstarter choice,they would be making funding decisions regarding a number of projects that had been posted on a crowdfunding website,SingleTask,Visual,DecisionMaking,Reactive;Synchronous,Adult,Healthy,Cognitive;Economics,Press key,18,https://www.nature.com/articles/s41598-023-41613-4#Sec2,https://openneuro.org/datasets/ds004284/versions/1.0.0,1,18,1,kickstarter,EGI,,sponge ,,0
ON_ds004315,Reward ERP,Reinforcement learning task with mood manipulation ,"Here, we examined if a sad mood induction offered an opportunity to causally induce a mood-related alteration of the RewP and reward-related learning. In",SingleTask,Visual,DecisionMaking,Reactive;Synchronous,Adult,Healthy,Cognitive,,50,https://pubmed.ncbi.nlm.nih.gov/36807324/,https://openneuro.org/datasets/ds004315/versions/1.0.0,1,50,1,PST,Brain Products,ActiChamp,wet,,0
ON_ds004324,affect ERP,RSVP human face emotion,artificially enhanced human faces RSVP,SingleTask,Visual,PerceptionVisual;Emotion,Reactive;Synchronous,Adult,Healthy,Cognitive,,26,https://pmc.ncbi.nlm.nih.gov/articles/PMC10174306/,https://openneuro.org/datasets/ds004324/versions/1.0.0,1.0,26,1,RSVP,EGI,,sponge ,,0
ON_ds004356,Audio listening ,MusicvsSpeech listening ,continuous music and speech stimuli listening ,SingleTask,Auditory,PerceptionAuditory;Language,Passive;Synchronous,Adult,Healthy,Cognitive,,22,,https://openneuro.org/datasets/ds004356/versions/2.2.1,1,24,1,MusicvsSpeech,Brain Products,ActiChamp,wet,,0
ON_ds004357,RSVP,rsvp pour voir encodage viseul,"RSVP 256 oriented gratings that varied across four feature dimensions: colour, spatial",SingleTask,Visual,PerceptionVisual,Synchronous;Reactive,Adult,Healthy,Cognitive,press Button,16,https://journals.plos.org/ploscompbiol/article?id=10.1371/journal.pcbi.1011760#sec014,https://openneuro.org/datasets/ds004357/versions/1.0.1,1,16,1,rsvp,Brain Products,ActiChamp,wet,,0
ON_ds004395,?,memory encodage ,PEERS - memory task,MultiTask,Visual,Memory;DecisionMaking;PerceptionVisual ,Synchronous;Active,Adult;Elderly,Healthy,Cognitive,,363,https://osf.io/preprints/psyarxiv/bu5x8_v1,https://openneuro.org/datasets/ds004395/versions/2.0.0,11.8,4748,3,VFFR | ltpFR | ltpFR2,EGI,,sponge,,0
ON_ds004408,Speech decoding,listening book,,SingleTask,Auditory,PerceptionAuditory;Language,Passive;Synchronous,Adult,Healthy,Cognitive,,19,,https://openneuro.org/datasets/ds004408/versions/1.0.8,1,380,1,listening,Brain Products,,wet,,0
ON_ds004477,Brain synchronization ,Emergency games synchronization ,Brain synchronisation during playing a game ,SingleTask,Visual,DecisionMaking,Asynchronous;Active,Adult,Healthy,Economics;Social Interaction,button;mouse,9,,https://openneuro.org/datasets/ds004477/versions/1.0.2,1,9,1,PES,BioSemi,,wet,,0
ON_ds004561,?,Stimulation EMS ; agency ,Did you press button or EMS did it ? ,SingleTask,Electrics;Visual,Motor Execution;PerceptionElectric,Synchronous ; Reactive,Adult,Healthy,Cognitive,press Button,23,https://pmc.ncbi.nlm.nih.gov/articles/PMC10648515/#sec2,https://openneuro.org/datasets/ds004561/versions/1.0.0,1,23,1,agencyRT,Brain Products,,wet,,0
ON_ds004572,Hypnose,Hypnose ,participants were exposed to either conventional or unconventional (placebo) hypnotic inductions described either as hypnosis or as simple relaxation technique in a 2 x 2 balanced placebo design.,SingleTask,Auditory,Resting State;Relaxation,Passive,Adult,Healthy,Cognitive;Hypnosis,,52,,https://openneuro.org/datasets/ds004572/versions/1.3.2,1.0,516,10,baseline1 | baseline2 | experience1 | experience2 | experience3 | experience4 | induction1 | induction2 | induction3 | induction4,Elekta,,wet,,0
ON_ds004582,?,Fake or true face,", participants were instructed to indicate whether they thought the target was real or fake",SingleTask,Visual,PerceptionVisual;Emotion,Synchronous;Reactive,Adult,Healthy,Cognitive,press key,73,,https://openneuro.org/datasets/ds004582/versions/1.0.0,1.0,73,1,FF,Brain Products,,wet,,0
ON_ds004603,?, wherein the onset of a bound stimulus violated ,"Subjects completed a novel, Visual contextual trajectory paradigm (CTP) wherein the onset of a bound stimulus violated an established trajectory in terms of its brightness, size, or orientation.",SingleTask,Visual,PerceptionVisual;Reaction Time,Synchronous;Passive,Adult,Healthy,Cognitive,press key,37,https://www.sciencedirect.com/science/article/pii/S0010945223002022?via%3Dihub,https://openneuro.org/datasets/ds004603/versions/1.1.0,1,37,1,CTP,Brain Products,,wet,,0
ON_ds004706,?,memory encodage ,Courier hybrid spatial-episodic memory task,MultiTask,Visual,Memory;PerceptionVisual,Synchronous;Active,Adult,Healthy,Cognitive,Controler,34,https://www.biorxiv.org/content/10.1101/2022.11.30.518606v4.full#sec-2,https://openneuro.org/datasets/ds004706/versions/1.0.0,6.0,297,2,NiclsCourierClosedLoop | NiclsCourierReadOnly,BioSemi,,wet,,0
ON_ds004816,rsvp,rsvp,,SingleTask,Visual,Attention;PerceptionVisual,Synchronous;Reactive,Adult,Healthy,Cognitive,press key,20,https://arxiv.org/pdf/2010.09932,https://openneuro.org/datasets/ds004816/versions/1.0.1,1,20,1,rsvp,Brain Products,ActiChamp,wet,,0
ON_ds004817,rsvp,rsvp,,SingleTask,Visual,Attention;PerceptionVisual,Synchronous;Reactive,Adult,Healthy,Cognitive,press key,20,https://arxiv.org/pdf/2010.09932,https://openneuro.org/datasets/ds004817/versions/1.0.1,1,20,1,rsvp,Brain Products,ActiChamp,wet,,0
ON_ds004840,?,music therapy fot burn patients,music therapy relaxation listenning ,SingleTask,Auditory,Relaxation,Passive,Adult,Unhealthy;Burnt,Clinical,,9,https://www.nature.com/articles/s41598-024-73211-3#Sec2,https://openneuro.org/datasets/ds004840/versions/1.0.1#1-experimental-design,1.9,51,3,musicTherapy | postMusicTherapy | preMusicTherapy,Natus,Micromed LTM64,wet,,0
ON_ds004902,Resting State,Resting State sleep deprivation,"esting-state EEG data (eyes open,partially eyes closed) from 71 participants who underwent two experiments involving normal sleep (NS---session1) and sleep deprivation(SD---session2)",SingleTask,No,Resting State,Passive,Adult,Healthy,Monitoring,,71,,https://openneuro.org/datasets/ds004902/versions/1.0.8,2.0,212,2,eyesclosed | eyesopen,Brain Products,,wet,,0
ON_ds004951,BrailleDecoding,Reading of Braille,,SingleTask,Haptic,PerceptionHaptic;Language,Synchronous;Active,Adult,Unhealthy;Blind,Cognitive,,11,https://elifesciences.org/articles/98148#s4,https://openneuro.org/datasets/ds004951/versions/1.0.0,1.7,23,1,letters,Brain Products,,wet,,0
ON_ds005089,?,sex/gender judgment task,The main task was a cue-target paradigm where participants judged the sex of target faces and words,MultiTask,Visual,Attention;PerceptionVisual;DecisionMaking,Synchronous ;Reactive,Adult,Healthy,Cognitive,press key,33,https://www.sciencedirect.com/science/article/pii/S001094522400114X?via%3Dihub,https://openneuro.org/datasets/ds005089/versions/1.0.1,1,33,1,competition,Brain Products,actiClap,wet,,0
ON_ds005095,memory,STERNBERG task,Memory task : russian letter ,SingleTask,Visual,Memory;ReactionTime,Synchronous;Reactive,Adult,Healthy,Cognitive,press key,48,,https://openneuro.org/datasets/ds005095/versions/1.0.2,1.0,48,1,STERNBERG,Brain Products,,wet,,0
ON_ds005121,Sleep,Sleep,Nap with Targeted Memory Reactivation with Memory task Pre/Post,SingleTask,Auditory;,Memory;Sleep,Synchronous;Passive,Adult,Healthy,Cognitive,,34,https://www.jneurosci.org/content/44/24/e0022242024,https://openneuro.org/datasets/ds005121/versions/1.0.2,1,39,1,Siefert2024,Brain Products,ActiChamp,wet,,0
ON_ds005189,memory,memory Visual search,participants searched for objects in some scenes and intentionally memorized others,MultiTask,Visual,Memory;attention,Synchronous;Reactive,Adult,Healthy,Cognitive,press key,30,https://direct.mit.edu/jocn/article/37/12/2538/131891/Incidental-Encoding-of-Objects-during-Search-Is,https://openneuro.org/datasets/ds005189/versions/1.0.1,1,30,1,SearchSupRecFam,Brain Products,actiCHamp,wet,,0
ON_ds005262,Inner speech,arabic inner speech,Inner Speech ,SingleTask,Visual;Auditory,Language,Synchronous;Active,Adult,Healthy,Cognitive,press key,12,https://www.nature.com/articles/s41597-025-05387-w,https://openneuro.org/datasets/ds005262/versions/1.0.1,15.5,186,1,innerspeech,g.tec,Unicorn Hybrid,dry,,0
ON_ds005273,Perceptual task,perceptual task with with nearthreshold Gabor stimuli,Sequence of seen/unseen stimuli ,SingleTask,Visual,PerceptionVisual;DecisionMaking,Synchronous;Reactive,Adult,Healthy,Cognitive,press key,30,https://www.researchgate.net/publication/389624365_Neural_representation_of_consciously_seen_and_unseen_information,https://openneuro.org/datasets/ds005273/versions/1.0.0,1,30,1,1,Brain Products,,wet,,0
ON_ds005505,?,MultiTask ( Resting state - Surround Suppression - Movie Watching -Contrast Change Detection - Sequence Learning - Symbol Search),,MultiTask,Visual;No,Resting State;PerceptionVisual;Attention;DecisionMaking;Memory;Motor Execution,Synchronous;Asynchronous;Passive;Reactive;Active,Adult;Child,Healthy,Cognitive,,136,,https://openneuro.org/datasets/ds005505/versions/1.0.1,1,1342,10,DespicableMe | DiaryOfAWimpyKid | FunwithFractals | RestingState | ThePresent | contrastChangeDetection | seqLearning6target | seqLearning8target | surroundSupp | symbolSearch,EGI,Magstim,sponge ,2017,415
ON_ds005506,?,MultiTask ( Resting state - Surround Suppression - Movie Watching -Contrast Change Detection - Sequence Learning - Symbol Search),,MultiTask,Visual;No,Resting State;PerceptionVisual;Attention;DecisionMaking;Memory;Motor Execution,Synchronous;Asynchronous;Passive;Reactive;Active,Adult;Child,Healthy,Cognitive,,150,,,1,1404,10,DespicableMe | DiaryOfAWimpyKid | FunwithFractals | RestingState | ThePresent | contrastChangeDetection | seqLearning6target | seqLearning8target | surroundSupp | symbolSearch,EGI,Magstim,sponge ,2017,415
ON_ds005507,?,MultiTask ( Resting state - Surround Suppression - Movie Watching -Contrast Change Detection - Sequence Learning - Symbol Search),,MultiTask,Visual;No,Resting State;PerceptionVisual;Attention;DecisionMaking;Memory;Motor Execution,Synchronous;Asynchronous;Passive;Reactive;Active,Adult;Child,Healthy,Cognitive,,184,,,1,1812,10,DespicableMe | DiaryOfAWimpyKid | FunwithFractals | RestingState | ThePresent | contrastChangeDetection | seqLearning6target | seqLearning8target | surroundSupp | symbolSearch,EGI,Magstim,sponge ,2017,415
ON_ds005508,?,MultiTask ( Resting state - Surround Suppression - Movie Watching -Contrast Change Detection - Sequence Learning - Symbol Search),,MultiTask,Visual;No,Resting State;PerceptionVisual;Attention;DecisionMaking;Memory;Motor Execution,Synchronous;Asynchronous;Passive;Reactive;Active,Adult;Child,Healthy,Cognitive,,324,,,1,3342,10,DespicableMe | DiaryOfAWimpyKid | FunwithFractals | RestingState | ThePresent | contrastChangeDetection | seqLearning6target | seqLearning8target | surroundSupp | symbolSearch,EGI,Magstim,sponge ,2017,415
ON_ds005509,?,MultiTask ( Resting state - Surround Suppression - Movie Watching -Contrast Change Detection - Sequence Learning - Symbol Search),,MultiTask,Visual;No,Resting State;PerceptionVisual;Attention;DecisionMaking;Memory;Motor Execution,Synchronous;Asynchronous;Passive;Reactive;Active,Adult;Child,Healthy,Cognitive,,330,,,1,3324,10,DespicableMe | DiaryOfAWimpyKid | FunwithFractals | RestingState | ThePresent | contrastChangeDetection | seqLearning6target | seqLearning8target | surroundSupp | symbolSearch,EGI,Magstim,sponge ,2017,415
ON_ds005510,?,MultiTask ( Resting state - Surround Suppression - Movie Watching -Contrast Change Detection - Sequence Learning - Symbol Search),,MultiTask,Visual;No,Resting State;PerceptionVisual;Attention;DecisionMaking;Memory;Motor Execution,Synchronous;Asynchronous;Passive;Reactive;Active,Adult;Child,Healthy,Cognitive,,135,,,1,1227,10,DespicableMe | DiaryOfAWimpyKid | FunwithFractals | RestingState | ThePresent | contrastChangeDetection | seqLearning6target | seqLearning8target | surroundSupp | symbolSearch,EGI,Magstim,sponge ,2017,415
ON_ds005511,?,MultiTask ( Resting state - Surround Suppression - Movie Watching -Contrast Change Detection - Sequence Learning - Symbol Search),,MultiTask,Visual;No,Resting State;PerceptionVisual;Attention;DecisionMaking;Memory;Motor Execution,Synchronous;Asynchronous;Passive;Reactive;Active,Adult;Child,Healthy,Cognitive,,379,,,1,3088,10,DespicableMe | DiaryOfAWimpyKid | FunwithFractals | RestingState | ThePresent | contrastChangeDetection | seqLearning6target | seqLearning8target | surroundSupp | symbolSearch,EGI,Magstim,sponge ,2017,415
ON_ds005512,?,MultiTask ( Resting state - Surround Suppression - Movie Watching -Contrast Change Detection - Sequence Learning - Symbol Search),,MultiTask,Visual;No,Resting State;PerceptionVisual;Attention;DecisionMaking;Memory;Motor Execution,Synchronous;Asynchronous;Passive;Reactive;Active,Adult;Child,Healthy,Cognitive,,379,,,1,3088,10,DespicableMe | DiaryOfAWimpyKid | FunwithFractals | RestingState | ThePresent | contrastChangeDetection | seqLearning6target | seqLearning8target | surroundSupp | symbolSearch,EGI,Magstim,sponge ,2017,415
ON_ds005514,?,MultiTask ( Resting state - Surround Suppression - Movie Watching -Contrast Change Detection - Sequence Learning - Symbol Search),,MultiTask,Visual;No,Resting State;PerceptionVisual;Attention;DecisionMaking;Memory;Motor Execution,Synchronous;Asynchronous;Passive;Reactive;Active,Adult;Child,Healthy,Cognitive,,295,,,1,2881,10,DespicableMe | DiaryOfAWimpyKid | FunwithFractals | RestingState | ThePresent | contrastChangeDetection | seqLearning6target | seqLearning8target | surroundSupp | symbolSearch,EGI,Magstim,sponge ,2017,415
ON_ds005586,?,PassiveViewing game board,"Participants performed a passive viewing task in a dimly lit room. The Visual scene consisted of a game board, game pieces and a mesh as an occluder.",SingleTask,Visual,PerceptionVisual,Synchronous;Passive,Adult,Healthy,Cognitive,,22,https://pmc.ncbi.nlm.nih.gov/articles/PMC7617299/,https://openneuro.org/datasets/ds005586/versions/2.0.0,1,22,1,PassiveViewing,Brain Products,?,wet,,0
ON_ds005594,?,alphabeticdecision,alphabetics decision go no go ,SingleTask,Visual,PerceptionVisual;ReactionTime,Synchronous;Reactive,Adult,Healthy,Cognitive,,16,https://www.biorxiv.org/content/10.1101/2024.11.11.622929v3.full,https://openneuro.org/datasets/ds005594/versions/1.0.3,1,16,1,alphabeticdecision,Brain Products,BrainAmp DC,wet,,0
ON_ds005620,Resting state,Resting state awake and sedated,resting state electroencephalography (EEG) as well as EEG combined with TMS perturbations in 20 healthy participants during propofol sedation. Participants were repeatedly awoken from deep sedation and asked immediately whether they had experiences just before waking up and what they experienced.,MultiTask,Magnetic;No,Resting State;Sleep,Synchronous;Asynchronous;Passive,Adult,Healthy;Sedated,Cognitive,,21,https://pmc.ncbi.nlm.nih.gov/articles/PMC12460656/,https://openneuro.org/datasets/ds005620/versions/1.0.0,1,202,3,awake | sed | sed2,Brain Products,?,wet,,0
ON_ds005697,Image decoding ,Perceive and Imagine image ,"articipants to watch the image for 6 seconds according to the requirements, and then imagine the image they see for 6 seconds",SingleTask,Visual,PerceptionVisual,Synchronous;Passive,Adult,Healthy,Cognitive,,44,https://pmc.ncbi.nlm.nih.gov/articles/PMC7617299/#S2,https://openneuro.org/datasets/ds005697/versions/1.0.2,1,44,1,PerceiveImagine,Neuroscan ,SynAmps 2,wet,,0
Ofner2017,MI,bow flexion/extension; forearm supination/pronation and hand open/close,,MultiTask,Visual,Motor Imagery;Motor Execution,Active;Asynchronous,Adult,Healthy,BCI,,15,,https://moabb.neurotechx.com/docs/generated/moabb.datasets.Ofner2017.html,1,15,7,rest | right_elbow_extension | right_elbow_flexion | right_hand_close | right_hand_open | right_pronation | right_supination,g.tec,4x16-ch amplifiers,wet,2017,226
PhysionetMI,MI,left_hand vs right_hand vs feet vs hands vs rest,,MultiTask,Visual,Motor Imagery;Motor Execution,Active;Asynchronous,AgeUnknow,Healthy,BCI,,103,,https://moabb.neurotechx.com/docs/generated/moabb.datasets.PhysionetMI.html,1,103,5,feet | hands | left_hand | rest | right_hand,?,?,wet,,3000
Schirrmeister2017,MI,right_hand vs left_hand vs rest vs feet,,SingleTask,Visual,Motor Imagery,Active;Asynchronous,Adult,Healthy,BCI,,7,,https://moabb.neurotechx.com/docs/generated/moabb.datasets.Schirrmeister2017.html,1,14,4,feet | left_hand | rest | right_hand,Brain Products,BrainAmp,wet,,1200
Sosulski2019,P300,oddball+Resting State,,MultiTask,Auditory,Attention;PerceptionAuditory,Synchronous;Reactive,Adult,Healthy,BCI,,800,,,1,800,2,NonTarget | Target,Brain Products,BrainAmp,wet,,20
THINGS2,Image-decoding,THINGS ,,SingleTask,Visual,PerceptionVisual;Attention,Synchronous;Reactive,Adult,Healthy,Cognitive,,10,,https://www.sciencedirect.com/science/article/pii/S1053811922008758?via%3Dihub#sec0002,1,80,1,1854 object categories,Brain Products,BrainAmp,wet,,120
Weibo2014,MI,left hand; right hand; feet ; both hands; left hand combined with right foot; right hand combined with left foot ; rest,,SingleTask,Visual,Motor Imagery,Active;Asynchronous,Adult,Healthy,BCI,,10,,,1,10,7,feet | hands | left_hand | left_hand_right_foot | rest | right_hand | right_hand_left_foot,Neuroscan,SynAmps2,wet,2014,90
Zhou2016,MI,left hand; right hand and feet,,SingleTask,Visual,Motor Imagery,Active;Asynchronous,Adult,Healthy,BCI,,12,,https://moabb.neurotechx.com/docs/generated/moabb.datasets.Zhou2016.html,1,12,3,feet | left_hand | right_hand,Brain Products,BrainAmp,wet,2016,76
hms,Clinical,seizure; LPD; GPD; LRDA; or GRDA,,No,No,No task,Passive;,Adult,Unhealthy;Epilepsy;encephalopathy;Other pathology,Clinical,,1950,,https://www.nature.com/articles/s41746-025-02154-4#Sec11,1,16472,6,Seizure | LPD | GPD | LRDA | GRDA | Other,?,?,?,,20
siena,Seizure,Seizure,,No,No,No;Sleep,Passive,Adult,Unhealthy;Epilepsy,Clinical,,3,,https://physionet.org/content/siena-scalp-eeg/1.0.0/#files-panel,1,8,2,seizure | non-seizure,EB Neuro and Natus Quantum LTM,,wet,,80
sparkulee,Speech evoked,listenning speech ,,SingleTask,Auditory,Language;PerceptionAuditory,Synchronous;Passive,Adult,Healthy,Cognitive,,85,,https://rdr.kuleuven.be/dataset.xhtml?persistentId=doi:10.48804/K3VSND,1,624,2,attended_speech | unattended_speech,BioSemi,ActiveTwo,wet,,15